EventID,ParticleName,Initial_Energy_MeV,Total_Energy_Deposit_MeV,PosX_m,PosY_m,PosZ_m,Theta_deg,Phi_deg,MomX,MomY,MomZ
4710,nu_e,33.337993,0.000000,0.578038,-92.099900,-0.065690,79.226318,-117.353586,-0.451381,-0.872532,0.186930
6278,anti_nu_mu,37.082998,0.000000,-0.327105,-92.099900,0.268869,49.680958,-89.726321,0.003642,-0.762445,0.647043
