EventID,ParticleName,Initial_Energy_MeV,Total_Energy_Deposit_MeV,PosX_m,PosY_m,PosZ_m,Theta_deg,Phi_deg,MomX,MomY,MomZ
3660,nu_e,47.273619,0.000000,-0.256931,-92.099900,-0.262743,105.614673,-129.462171,-0.612112,-0.743551,-0.269166
4448,anti_nu_mu,40.326637,0.000000,-0.000663,-92.099900,-0.010488,115.488638,-126.787864,-0.540568,-0.722911,-0.430332
