EventID,ParticleName,Initial_Energy_MeV,Total_Energy_Deposit_MeV,PosX_m,PosY_m,PosZ_m,Theta_deg,Phi_deg,MomX,MomY,MomZ
205,anti_nu_mu,51.557293,0.000000,-0.321820,-92.099900,-0.273780,122.262028,-47.581804,0.570399,-0.624268,-0.533792
92,nu_e,34.937017,0.000000,-0.261260,-92.099900,-0.095721,96.099566,-85.994758,0.069452,-0.991910,-0.106257
4292,nu_e,37.371719,0.000000,-0.123153,-92.099900,-0.074855,111.670762,-90.300661,-0.004877,-0.929308,-0.369273
4518,nu_e,39.378647,0.000000,0.575704,-92.099900,0.205940,123.229416,-69.976061,0.286422,-0.785917,-0.547993
5961,anti_nu_mu,47.179029,0.000000,0.009900,-92.099900,-0.036062,119.379161,-76.049147,0.210084,-0.845689,-0.490587
6589,nu_e,41.012458,0.000000,-0.565166,-92.099900,-0.018078,88.267919,-125.637319,-0.582386,-0.812350,0.030226
7071,nu_e,22.601973,0.000000,0.558446,-92.099900,-0.249941,130.136541,-102.230444,-0.161957,-0.747159,-0.644611
9163,anti_nu_mu,47.967848,0.000000,-0.051458,-92.099900,0.339874,56.025777,-64.835072,0.352635,-0.750579,0.558820
9273,nu_e,44.322542,0.000000,-0.663402,-92.099900,0.342564,103.843037,-93.347022,-0.056688,-0.969299,-0.239263
