EventID,TrackID,ParentID,ParticleName,Initial_Energy_MeV,PosX_m,PosY_m,PosZ_m,Theta_deg,Phi_deg,MomX,MomY,MomZ,GlobalTime_s,DeltaTime_s
871,6792,4214,neutron,0.001464,1.739725,-92.200000,-2.973309,80.217959,75.898486,0.240098,0.955765,0.169901,3328.902006,0.000000
2017,9829,1,gamma,0.051112,-0.401052,-92.000000,-0.946142,86.771169,-30.080135,0.863952,-0.500415,0.056324,1476.834569,0.000000
