EventID,TrackID,ParentID,ParticleName,Initial_Energy_MeV,PosX_m,PosY_m,PosZ_m,Theta_deg,Phi_deg,MomX,MomY,MomZ,GlobalTime_s,DeltaTime_s
3485,4983,4947,neutron,107.831796,0.557128,-92.099900,0.278645,74.199842,-105.294818,-0.253819,-0.928137,0.272283,1083.815043,0.000000
4721,5361,4932,gamma,0.013546,0.412292,-92.099900,0.347799,146.054987,-68.015984,0.209035,-0.517795,-0.829574,1077.593802,0.000000
