EventID,ParticleName,Initial_Energy_MeV,Total_Energy_Deposit_MeV,PosX_m,PosY_m,PosZ_m,Theta_deg,Phi_deg,MomX,MomY,MomZ
567,gamma,0.069690,0.000000,0.009859,-92.099900,-0.143085,141.315030,-59.448802,0.317712,-0.538267,-0.780594
6546,neutron,27.512067,0.000000,0.197176,-92.099900,-0.280970,84.935828,-91.815273,-0.031554,-0.995597,0.088271
6587,neutron,83.240109,0.000000,0.701615,-92.099900,-0.328578,116.048134,-70.431663,0.300910,-0.846535,-0.439126
8575,neutron,0.000004,0.000000,0.484414,-92.099900,0.048625,112.407822,-134.651299,-0.649725,-0.657682,-0.381197
8932,gamma,1.933272,0.000000,-0.520311,-92.099900,-0.101423,91.504810,-99.138020,-0.158758,-0.986968,-0.026261
