EventID,ParticleName,Initial_Energy_MeV,Total_Energy_Deposit_MeV,PosX_m,PosY_m,PosZ_m,Theta_deg,Phi_deg,MomX,MomY,MomZ
387,neutron,0.000157,0.000000,0.553639,-92.099900,0.268747,51.976884,-61.421508,0.376836,-0.691783,0.615979
2237,neutron,0.000134,0.000000,-0.551785,-92.099900,0.313772,120.498541,-86.945604,0.045912,-0.860418,-0.507516
4589,gamma,0.224178,0.000000,0.168523,-92.099900,0.097636,122.888517,-111.769007,-0.311426,-0.779845,-0.543006
6692,neutron,90.173278,0.000000,-0.501430,-92.099900,-0.238901,105.493032,-90.921903,-0.015505,-0.963538,-0.267121
7615,neutron,6.458597,0.000000,-0.363965,-92.099900,-0.297331,35.633055,-83.955804,0.061344,-0.579353,0.812765
8763,neutron,56.916022,0.000000,0.035972,-92.099900,0.229420,122.393506,-97.269757,-0.106850,-0.837601,-0.535731
9696,neutron,86.022295,0.000000,0.487433,-92.099900,-0.266314,77.628070,-59.425175,0.496851,-0.840972,0.214257
