EventID,ParticleName,Initial_Energy_MeV,Total_Energy_Deposit_MeV,PosX_m,PosY_m,PosZ_m,Theta_deg,Phi_deg,MomX,MomY,MomZ
535,neutron,66.469182,0.000000,0.628473,-92.099900,0.076006,71.236336,-92.362082,-0.039024,-0.946049,0.321665
3813,neutron,1.927246,0.000000,-0.428146,-92.099900,-0.231439,91.695100,-51.087051,0.627864,-0.777761,-0.029581
4801,gamma,5.186976,0.000000,-0.378710,-92.099900,0.253786,91.688277,-59.747105,0.503599,-0.863435,-0.029462
7812,neutron,65.505102,0.000000,0.204883,-92.099900,0.185970,64.588764,-36.775496,0.723493,-0.540759,0.429112
9045,gamma,6.419727,0.000000,0.155399,-92.099900,0.087587,97.671443,-92.929801,-0.050655,-0.989754,-0.133492
9994,gamma,6.194948,0.000000,-0.546037,-92.099900,0.091925,64.776794,-73.908631,0.250743,-0.869211,0.426146
