EventID,ParticleName,Initial_Energy_MeV,Total_Energy_Deposit_MeV,PosX_m,PosY_m,PosZ_m,Theta_deg,Phi_deg,MomX,MomY,MomZ
2177,anti_nu_mu,51.848279,0.000000,-0.155101,-92.099900,0.013825,120.606192,-115.934877,-0.376421,-0.774009,-0.509134
4093,anti_nu_mu,29.162971,0.000000,-0.336872,-92.099900,0.224511,110.738399,-74.555737,0.249046,-0.901437,-0.354102
4518,anti_nu_mu,36.373860,0.000000,0.570780,-92.099900,-0.333695,48.777544,-91.879969,-0.024675,-0.751752,0.658984
7029,nu_e,40.019452,0.000000,-0.045482,-92.099900,0.325605,72.325988,-127.351094,-0.578061,-0.757411,0.303601
6867,anti_nu_mu,51.575017,0.000000,-0.563843,-92.099900,-0.066102,110.495079,-79.808912,0.165732,-0.921924,-0.350127
7843,nu_e,33.542372,0.000000,0.296293,-92.099900,0.157757,92.814861,-131.524716,-0.662143,-0.747766,-0.049109
