EventID,ParticleName,Initial_Energy_MeV,Total_Energy_Deposit_MeV,PosX_m,PosY_m,PosZ_m,Theta_deg,Phi_deg,MomX,MomY,MomZ
3854,nu_e,36.399101,0.000000,-0.556517,-92.099900,-0.044149,128.392769,-56.689039,0.430434,-0.655000,-0.621049
4736,nu_e,45.229088,0.000000,-0.345574,-92.099900,0.172175,67.355444,-133.280849,-0.632725,-0.671881,0.385013
4833,anti_nu_mu,43.503125,0.000000,0.382929,-92.099900,-0.110390,46.276335,-111.544623,-0.265387,-0.672189,0.691181
5754,nu_e,28.775767,0.000000,0.241607,-92.099900,-0.242510,79.085628,-92.558636,-0.043834,-0.980932,0.189342
6329,nu_e,43.107604,0.000000,-0.684903,-92.099900,0.227543,88.468132,-110.142962,-0.344241,-0.938501,0.026733
