EventID,ParticleName,Initial_Energy_MeV,Total_Energy_Deposit_MeV,PosX_m,PosY_m,PosZ_m,Theta_deg,Phi_deg,MomX,MomY,MomZ
130,nu_e,50.789540,0.000000,-0.716884,-92.099900,-0.286774,137.784036,-86.501259,0.041005,-0.670675,-0.740617
664,nu_e,18.177287,0.000000,-0.533303,-92.099900,0.123272,125.860670,-133.079402,-0.553542,-0.591955,-0.585816
5105,anti_nu_mu,37.851250,0.000000,-0.413109,-92.099900,-0.126096,58.090759,-111.479361,-0.310833,-0.789931,0.528575
5873,nu_e,32.695920,0.000000,0.520243,-92.099900,0.144699,121.432760,-100.005281,-0.148243,-0.840276,-0.521498
