EventID,ParticleName,Initial_Energy_MeV,Total_Energy_Deposit_MeV,PosX_m,PosY_m,PosZ_m,Theta_deg,Phi_deg,MomX,MomY,MomZ
3636,nu_e,41.232297,0.000000,-0.003444,-92.099900,-0.203606,90.906968,-68.185327,0.371559,-0.928274,-0.015829
6297,anti_nu_mu,21.767130,0.000000,0.721419,-92.099900,0.282998,61.278933,-79.759903,0.155902,-0.863001,0.480546
6551,anti_nu_mu,18.232422,0.000000,-0.396074,-92.099900,-0.196158,78.783424,-96.905602,-0.117937,-0.973783,0.194518
7071,nu_e,22.601973,0.000000,0.558446,-92.099900,-0.249941,130.136541,-102.230444,-0.161957,-0.747159,-0.644611
6985,anti_nu_mu,44.284221,0.000000,0.577635,-92.099900,0.171798,79.107382,-72.854380,0.289490,-0.938342,0.188969
7351,anti_nu_mu,43.559332,0.000000,-0.546178,-92.099900,-0.127234,56.228464,-60.466937,0.409750,-0.723256,0.555883
8583,anti_nu_mu,44.809797,0.000000,-0.279016,-92.099900,0.348725,81.261294,-45.325153,0.694921,-0.702853,0.151929
9350,anti_nu_mu,42.763380,0.000000,0.224221,-92.099900,0.129595,63.167010,-107.935421,-0.274787,-0.848963,0.451391
