EventID,ParticleName,Initial_Energy_MeV,Total_Energy_Deposit_MeV,PosX_m,PosY_m,PosZ_m,Theta_deg,Phi_deg,MomX,MomY,MomZ
871,neutron,0.001464,0.000198,1.739725,-92.200000,-2.973309,80.217959,75.898486,0.240098,0.955765,0.169901
2017,gamma,0.051112,0.006404,-0.401052,-92.000000,-0.946142,86.771169,-30.080135,0.863952,-0.500415,0.056324
