EventID,ParticleName,Initial_Energy_MeV,Total_Energy_Deposit_MeV,PosX_m,PosY_m,PosZ_m,Theta_deg,Phi_deg,MomX,MomY,MomZ
2271,gamma,1.924706,0.000000,-0.146273,-92.099900,-0.267305,117.650423,-127.324757,-0.537086,-0.704395,-0.464076
3210,gamma,2.344603,0.000000,-0.065736,-92.099900,0.095561,72.512234,-59.528602,0.483670,-0.822047,0.300502
4790,gamma,3.686903,0.000000,-0.416807,-92.099900,-0.138106,127.947422,-47.551359,0.532232,-0.581876,-0.614938
5676,nu_e,32.766335,0.000000,0.467654,-92.099900,-0.330031,58.065032,-54.779901,0.489432,-0.693298,0.528956
7227,gamma,0.405007,0.000000,0.086995,-92.099900,0.037462,71.462509,-99.199422,-0.151576,-0.935921,0.317925
7474,anti_nu_mu,19.255402,0.000000,-0.655330,-92.099900,0.054832,132.277770,-52.092176,0.454585,-0.583775,-0.672725
7915,gamma,1.175679,0.000000,0.618926,-92.099900,0.292560,81.957022,-75.547145,0.247128,-0.958828,0.139916
