EventID,ParticleName,Initial_Energy_MeV,Total_Energy_Deposit_MeV,PosX_m,PosY_m,PosZ_m,Theta_deg,Phi_deg,MomX,MomY,MomZ
693,nu_e,33.030089,0.000000,-0.656192,-92.099900,0.258853,73.498506,-81.661771,0.139044,-0.948677,0.284040
2343,e-,0.757711,0.000000,-0.147789,-92.099900,-0.293977,98.420218,-74.882214,0.257993,-0.954985,-0.146432
5695,anti_nu_mu,46.323769,0.000000,0.528689,-92.099900,0.217341,73.835064,-56.611151,0.528561,-0.801944,0.278403
7563,gamma,0.650438,0.000000,0.051500,-92.099900,0.073721,81.261174,-83.963829,0.103936,-0.982911,0.151931
