EventID,TrackID,ParentID,ParticleName,Initial_Energy_MeV,PosX_m,PosY_m,PosZ_m,Theta_deg,Phi_deg,MomX,MomY,MomZ,GlobalTime_s,DeltaTime_s
615,1792,1,nu_mu,112.658981,-0.381804,-92.099900,0.246888,87.925428,-84.963037,0.087741,-0.995485,0.036200,734.518914,0.000000
2049,2714,1,nu_mu,22.082838,-0.371983,-92.099900,0.250317,53.898557,-137.723411,-0.597826,-0.543533,0.589217,3477.612067,0.000000
3742,1457,1,anti_nu_e,106.776745,-0.577240,-92.099900,-0.328753,88.627488,-90.555016,-0.009684,-0.999666,0.023953,715.637180,0.000000
5913,2825,1,nu_mu,40.852336,-0.184480,-92.099900,-0.215580,132.492285,-66.826552,0.290166,-0.677876,-0.675491,5059.620339,0.000000
6008,2707,1,nu_mu,95.973109,0.043147,-92.099900,-0.256281,52.220156,-85.658033,0.059838,-0.788102,0.612629,940.955676,0.000000
7571,2819,1,anti_nu_e,49.671255,0.707791,-92.099900,-0.277164,63.557294,-65.795900,0.367095,-0.816668,0.445303,1953.531910,0.000000
8154,2749,1,nu_mu,20.364117,-0.644255,-92.099900,-0.072445,50.121407,-98.317254,-0.111008,-0.759333,0.641163,3865.252615,0.000000
9012,2651,1,nu_mu,86.280191,0.605789,-92.099900,0.105333,130.555718,-106.691750,-0.218224,-0.727760,-0.650187,1402.166621,0.000000
