EventID,TrackID,ParentID,ParticleName,Initial_Energy_MeV,PosX_m,PosY_m,PosZ_m,Theta_deg,Phi_deg,MomX,MomY,MomZ,GlobalTime_s,DeltaTime_s
1375,2295,1,nu_mu,19.426246,-0.339191,-92.099900,0.110075,98.876543,-120.206897,-0.497098,-0.853864,-0.154306,1081.927668,0.000000
1590,2358,1,nu_mu,18.538077,-0.400085,-92.099900,-0.291107,100.771260,-100.545022,-0.179784,-0.965790,-0.186889,1086.680720,0.000000
1786,2169,1,anti_nu_e,77.529732,0.524208,-92.099900,-0.066117,113.943300,-110.635212,-0.322091,-0.855312,-0.405832,733.852312,0.000000
2373,2230,1,nu_mu,73.962432,0.227145,-92.099900,-0.137456,80.550980,-91.218549,-0.020978,-0.986209,0.164170,727.011007,0.000000
4503,2373,1,nu_mu,36.735831,-0.252867,-92.099900,-0.296131,96.486440,-73.280995,0.285837,-0.951596,-0.112968,3396.034139,0.000000
5566,2302,1,anti_nu_e,55.072774,0.695483,-92.099900,-0.321221,123.675783,-93.360537,-0.048782,-0.830758,-0.554493,1592.599161,0.000000
7812,2367,1,anti_nu_e,48.145621,0.593468,-92.099900,0.097826,108.229858,-42.903830,0.695733,-0.646601,-0.312830,8149.961582,0.000000
7856,2350,1,nu_mu,46.020587,-0.675895,-92.099900,-0.223810,109.629998,-58.152178,0.496998,-0.800084,-0.335945,949.842886,0.000000
8983,2343,1,anti_nu_e,42.673067,-0.106615,-92.099900,-0.205881,105.227778,-49.146299,0.631163,-0.729825,-0.262657,5229.356316,0.000000
