EventID,TrackID,ParentID,ParticleName,Initial_Energy_MeV,PosX_m,PosY_m,PosZ_m,Theta_deg,Phi_deg,MomX,MomY,MomZ,GlobalTime_s,DeltaTime_s
1492,3405,1,nu_mu,44.391998,0.572309,-92.099900,0.292365,52.313426,-109.677715,-0.266476,-0.745152,0.611342,1743.749521,0.000000
5081,3737,1,nu_mu,40.526074,0.443401,-92.099900,-0.031480,91.838764,-47.125137,0.680049,-0.732464,-0.032087,951.016415,0.000000
9498,4551,1,e-,43.330215,-0.520436,-92.100100,-0.165307,121.529254,25.321671,0.770478,0.364560,-0.522934,3085.991480,0.000000
9498,4569,4551,gamma,0.032702,-0.457461,-92.100100,0.021042,119.688735,24.988597,0.787409,0.366984,-0.495288,3085.832496,-0.158984
