EventID,TrackID,ParentID,ParticleName,Initial_Energy_MeV,PosX_m,PosY_m,PosZ_m,Theta_deg,Phi_deg,MomX,MomY,MomZ,GlobalTime_s,DeltaTime_s
4292,2835,1,nu_mu,97.250273,-0.417014,-92.099900,0.055168,75.451760,-94.188886,-0.070703,-0.965351,0.251195,821.472586,0.000000
4615,3092,1,anti_nu_e,9.339999,-0.698723,-92.099900,-0.228937,92.156045,-67.956958,0.375037,-0.926246,-0.037621,956.431149,0.000000
5007,3128,1,anti_nu_e,18.398582,0.236877,-92.099900,-0.217125,103.238304,-76.003104,0.235442,-0.944524,-0.229002,1809.708815,0.000000
6543,2933,1,anti_nu_e,39.051729,0.380748,-92.099900,-0.117021,80.919120,-121.167222,-0.511051,-0.844936,0.157829,1265.794591,0.000000
8298,3052,1,nu_mu,38.483422,0.623256,-92.099900,-0.142854,93.853703,-131.110916,-0.656032,-0.751735,-0.067209,1616.172819,0.000000
