EventID,TrackID,ParentID,ParticleName,Initial_Energy_MeV,PosX_m,PosY_m,PosZ_m,Theta_deg,Phi_deg,MomX,MomY,MomZ,GlobalTime_s,DeltaTime_s
693,4170,1,nu_e,33.030089,-0.656192,-92.099900,0.258853,73.498506,-81.661771,0.139044,-0.948677,0.284040,5684.529716,0.000000
2368,3738,1,e+,39.274824,-0.342433,-92.099900,-0.061689,70.975921,-97.610941,-0.125212,-0.937053,0.325965,933.925335,0.000000
2368,3809,3738,gamma,0.448545,-0.396697,-92.099900,0.195181,66.612526,-98.196091,-0.130849,-0.908467,0.396947,934.261621,0.336286
5695,4239,1,anti_nu_mu,46.323769,0.528689,-92.099900,0.217341,73.835064,-56.611151,0.528561,-0.801944,0.278403,5150.731854,0.000000
6429,4219,1,e+,29.420392,0.433239,-92.099900,0.291661,70.451704,-112.322284,-0.357923,-0.871741,0.334601,1477.863432,0.000000
