EventID,TrackID,ParentID,ParticleName,Initial_Energy_MeV,PosX_m,PosY_m,PosZ_m,Theta_deg,Phi_deg,MomX,MomY,MomZ,GlobalTime_s,DeltaTime_s
419,1,0,mu+,11.921317,-0.468105,-92.099900,-0.137100,81.042497,-85.921056,0.070263,-0.985302,0.155702,915.732707,0.000000
459,1,0,mu+,13.603520,0.518026,-92.099900,0.154008,84.411708,-91.090004,-0.018933,-0.995067,0.097380,910.750887,0.000000
1215,1,0,mu+,15.234623,-0.298616,-92.099900,-0.115771,90.351003,-80.629807,0.162810,-0.986638,-0.006126,902.171533,0.000000
6125,4488,1,nu_e,7.820720,-0.500602,-92.099900,0.266128,160.084326,-96.474538,-0.038411,-0.338464,-0.940195,2255.590280,0.000000
7211,1,0,mu+,10.902732,0.285552,-92.099900,-0.343365,98.705037,-88.518933,0.025549,-0.988150,-0.151348,920.693713,0.000000
7915,1,0,mu+,14.172785,-0.193917,-92.099900,0.166132,87.459529,-89.255371,0.012983,-0.998933,0.044325,903.224520,0.000000
8100,1,0,mu+,11.195549,-0.328377,-92.099900,0.132822,89.251813,-82.617429,0.128483,-0.991626,0.013058,921.526446,0.000000
9730,1,0,mu+,10.239722,-0.189363,-92.099900,0.100114,99.724242,-92.580971,-0.044384,-0.984632,-0.168906,926.302747,0.000000
