EventID,TrackID,ParentID,ParticleName,Initial_Energy_MeV,PosX_m,PosY_m,PosZ_m,Theta_deg,Phi_deg,MomX,MomY,MomZ,GlobalTime_s,DeltaTime_s
1759,523,1,e-,76.217329,0.470469,-92.099900,-0.317157,92.603761,-88.929964,0.018655,-0.998793,-0.045429,670.214715,0.000000
9514,4073,1,gamma,0.098750,-0.294595,-92.099900,-0.252559,82.634732,-85.152816,0.083801,-0.988202,0.128194,944.299310,0.000000
