EventID,ParticleName,Initial_Energy_MeV,Total_Energy_Deposit_MeV,PosX_m,PosY_m,PosZ_m,Theta_deg,Phi_deg,MomX,MomY,MomZ
1713,gamma,0.123927,0.000000,-0.435664,-92.099900,-0.140729,90.371882,-110.659667,-0.352809,-0.935673,-0.006491
3320,gamma,0.475177,0.000000,0.048263,-92.099900,-0.097127,108.199808,-75.205806,0.242574,-0.918481,-0.312332
4292,nu_mu,97.250273,0.000000,-0.417014,-92.099900,0.055168,75.451760,-94.188886,-0.070703,-0.965351,0.251195
4521,nu_mu,96.721265,0.000000,-0.732644,-92.099900,0.093203,64.398676,-142.353840,-0.714061,-0.550818,0.432107
4485,e-,7.468380,0.000000,-0.293812,-92.099900,0.133120,71.808683,-64.416499,0.410243,-0.856877,0.312191
6871,gamma,2.655019,0.000000,0.657752,-92.099900,-0.248811,85.825323,-111.539648,-0.366171,-0.927696,0.072797
7879,gamma,0.480955,0.000000,-0.425190,-92.099900,0.157253,44.286359,-70.755283,0.230144,-0.659227,0.715859
8305,gamma,3.478568,0.000000,0.674611,-92.099900,-0.306027,92.581896,-94.474133,-0.077930,-0.995941,-0.045047
9534,gamma,4.833271,0.000000,-0.737342,-92.099900,0.328537,93.749658,-91.751170,-0.030494,-0.997393,-0.065397
