EventID,TrackID,ParentID,ParticleName,Initial_Energy_MeV,PosX_m,PosY_m,PosZ_m,Theta_deg,Phi_deg,MomX,MomY,MomZ,GlobalTime_s,DeltaTime_s
4735,37,6,gamma,8.382415,-0.427637,-92.099900,-0.164373,65.135981,-50.645565,0.575338,-0.701565,0.420466,1997.614029,0.000000
7623,7,1,gamma,0.369038,-0.268363,-92.099900,-0.072591,82.906872,-100.799301,-0.185935,-0.974772,0.123482,1994.451559,0.000000
7493,4,1,neutron,24.369790,-0.455509,-92.099900,-0.314641,91.391964,-65.489285,0.414741,-0.909615,-0.024292,2032.106142,0.000000
9587,25,6,neutron,0.155136,-0.524860,-92.099900,-0.067816,58.698877,-52.045201,0.525520,-0.673730,0.519536,2756.526856,0.000000
