EventID,TrackID,ParentID,ParticleName,Initial_Energy_MeV,PosX_m,PosY_m,PosZ_m,Theta_deg,Phi_deg,MomX,MomY,MomZ,GlobalTime_s,DeltaTime_s
2564,51,50,gamma,0.294160,-0.686081,-92.099900,0.179898,62.165580,-123.758560,-0.491401,-0.735196,0.466918,2417.156891,0.000000
9045,78,54,neutron,0.887866,-0.598582,-92.099900,0.086591,122.113829,-41.668764,0.632705,-0.563101,-0.531603,2796.457094,0.000000
