EventID,TrackID,ParentID,ParticleName,Initial_Energy_MeV,PosX_m,PosY_m,PosZ_m,Theta_deg,Phi_deg,MomX,MomY,MomZ,GlobalTime_s,DeltaTime_s
2522,4,1,gamma,1.182882,-0.144052,-92.099900,0.224465,60.787245,-96.994615,-0.106288,-0.866318,0.488054,2535.201270,0.000000
9028,6,1,gamma,1.792620,-0.008088,-92.100100,0.245686,122.021247,53.854989,0.500089,0.684663,-0.530234,2718.611663,0.000000
