EventID,TrackID,ParentID,ParticleName,Initial_Energy_MeV,PosX_m,PosY_m,PosZ_m,Theta_deg,Phi_deg,MomX,MomY,MomZ,GlobalTime_s,DeltaTime_s
4198,28,6,gamma,6.632284,-0.011782,-92.099900,0.156160,83.894853,-71.657343,0.312914,-0.943808,0.106353,2094.101998,0.000000
6413,45,9,neutron,0.000088,-0.292825,-92.099900,-0.069187,111.953366,-100.233120,-0.164772,-0.912735,-0.373852,26038.402036,0.000000
