EventID,TrackID,ParentID,ParticleName,Initial_Energy_MeV,PosX_m,PosY_m,PosZ_m,Theta_deg,Phi_deg,MomX,MomY,MomZ,GlobalTime_s,DeltaTime_s
1613,3405,3357,gamma,0.067343,0.387177,-92.099900,-0.289663,85.244057,-60.943584,0.483998,-0.871132,0.082912,900.926747,0.000000
2604,3477,3417,neutron,53.084596,-0.091182,-92.099900,0.139112,97.694942,-55.342468,0.563549,-0.815159,-0.133899,906.833401,0.000000
3770,3400,3388,neutron,0.000001,0.699897,-92.099900,-0.109695,123.240652,-63.031426,0.379298,-0.745424,-0.548157,236666.152264,0.000000
4125,3485,3434,neutron,21.363235,0.227078,-92.099900,-0.005136,80.486337,-128.306410,-0.611341,-0.773914,0.165283,929.588010,0.000000
5121,3326,3301,gamma,2.519731,0.208627,-92.099900,-0.227280,135.570859,-105.608266,-0.188348,-0.674212,-0.714117,880.809790,0.000000
5328,3452,3425,gamma,0.387603,0.297782,-92.099900,0.241654,58.534063,-53.691382,0.505061,-0.687341,0.521992,886.313144,0.000000
7387,3339,3322,neutron,117.066937,0.558835,-92.099900,-0.210482,58.792447,-113.655740,-0.343179,-0.783428,0.518140,896.331153,0.000000
9604,3323,3291,gamma,2.402677,0.167894,-92.099900,-0.081792,90.640649,-119.784045,-0.496701,-0.867850,-0.011181,881.575415,0.000000
