EventID,TrackID,ParentID,ParticleName,Initial_Energy_MeV,PosX_m,PosY_m,PosZ_m,Theta_deg,Phi_deg,MomX,MomY,MomZ,GlobalTime_s,DeltaTime_s
234,2571,1,nu_mu,95.433330,0.168865,-92.099900,-0.101926,86.367636,-89.283679,0.012477,-0.997913,0.063354,1324.974925,0.000000
758,2552,1,nu_mu,92.960515,-0.608363,-92.099900,0.183255,128.319877,-81.299447,0.118681,-0.775533,-0.620051,832.775524,0.000000
2086,2573,1,nu_mu,95.501524,0.310243,-92.099900,0.244921,114.633901,-71.035527,0.295405,-0.859650,-0.416819,1660.001062,0.000000
4896,2523,1,anti_nu_e,48.587736,0.748156,-92.099900,0.268618,88.598224,-55.300774,0.569098,-0.821906,0.024463,3275.516864,0.000000
5326,2633,1,anti_nu_e,36.166992,0.412327,-92.099900,-0.346047,126.766249,-46.033449,0.556143,-0.576576,-0.598552,2915.448330,0.000000
5916,2506,1,nu_mu,66.003097,0.346584,-92.099900,-0.171488,106.037989,-70.936570,0.313902,-0.908371,-0.276275,921.045008,0.000000
6614,2693,1,anti_nu_e,56.497083,0.310411,-92.099900,-0.099889,93.573240,-52.017381,0.614226,-0.786665,-0.062324,963.032554,0.000000
9338,2547,1,nu_mu,97.323408,-0.372558,-92.099900,-0.206088,77.481823,-62.792911,0.446339,-0.868217,0.216749,1160.387458,0.000000
