EventID,TrackID,ParentID,ParticleName,Initial_Energy_MeV,PosX_m,PosY_m,PosZ_m,Theta_deg,Phi_deg,MomX,MomY,MomZ,GlobalTime_s,DeltaTime_s
615,1792,1,nu_mu,112.658981,-0.381804,-92.099900,0.246888,87.925428,-84.963037,0.087741,-0.995485,0.036200,734.518914,0.000000
2143,2802,1,nu_mu,93.766030,-0.439480,-92.099900,0.068399,66.228616,-77.994966,0.190351,-0.895146,0.403088,1282.960779,0.000000
3742,1457,1,anti_nu_e,106.776745,-0.577240,-92.099900,-0.328753,88.627488,-90.555016,-0.009684,-0.999666,0.023953,715.637180,0.000000
5078,2701,1,anti_nu_e,45.796819,0.006250,-92.099900,-0.181375,89.318412,-93.158260,-0.055090,-0.998411,0.011896,2414.094249,0.000000
7399,2733,1,anti_nu_e,26.493639,0.072215,-92.099900,0.089916,59.789881,-104.414671,-0.215129,-0.836981,0.503173,1514.591276,0.000000
