EventID,TrackID,ParentID,ParticleName,Initial_Energy_MeV,PosX_m,PosY_m,PosZ_m,Theta_deg,Phi_deg,MomX,MomY,MomZ,GlobalTime_s,DeltaTime_s
129,2161,1,nu_mu,14.993363,-0.431032,-92.099900,0.137398,130.987539,-100.146379,-0.132977,-0.743047,-0.655895,1785.952473,0.000000
1385,2265,1,nu_mu,86.715758,-0.105966,-92.099900,0.163882,85.029965,-89.129792,0.015130,-0.996125,0.086635,876.377104,0.000000
7120,2113,1,anti_nu_e,22.489340,-0.019131,-92.099900,-0.217281,74.340901,-55.921319,0.539534,-0.797527,0.269913,815.200563,0.000000
7298,2197,1,nu_mu,48.688236,-0.548017,-92.099900,0.277246,132.206066,-106.982262,-0.216350,-0.708434,-0.671799,1760.093380,0.000000
7837,2139,1,anti_nu_e,25.490892,0.210706,-92.099900,-0.168368,83.281932,-59.156259,0.509178,-0.852674,0.116984,1149.129178,0.000000
8116,2097,1,nu_mu,68.988959,0.740749,-92.099900,-0.338646,78.058674,-64.395995,0.422797,-0.882287,0.206910,742.414808,0.000000
