EventID,ParticleName,Initial_Energy_MeV,Total_Energy_Deposit_MeV,PosX_m,PosY_m,PosZ_m,Theta_deg,Phi_deg,MomX,MomY,MomZ
1325,neutron,0.594170,0.000000,0.480223,-92.099900,0.319749,108.256411,-119.316862,-0.464993,-0.828036,-0.313270
1559,neutron,61.653642,0.000000,0.334290,-92.099900,0.122008,111.824296,-80.270662,0.156882,-0.914976,-0.371762
2048,neutron,103.250022,0.000000,0.051129,-92.099900,-0.011099,93.609753,-132.426009,-0.673299,-0.736685,-0.062960
6198,neutron,65.490484,0.000000,0.134860,-92.099900,0.114068,85.857732,-98.983224,-0.155737,-0.985154,0.072233
7082,neutron,108.237071,0.000000,-0.002599,-92.099900,-0.171073,60.104046,-90.271469,-0.004108,-0.866922,0.498427
7843,neutron,0.843249,0.000000,-0.273495,-92.099900,0.218999,125.289734,-131.853009,-0.544614,-0.607985,-0.577711
