EventID,ParticleName,Initial_Energy_MeV,Total_Energy_Deposit_MeV,PosX_m,PosY_m,PosZ_m,Theta_deg,Phi_deg,MomX,MomY,MomZ
1884,gamma,1.115738,0.000000,-0.742961,-92.099900,0.022100,93.530964,-93.336279,-0.058086,-0.996410,-0.061588
1993,gamma,0.115418,0.000000,0.030008,-92.099900,-0.028573,69.321781,-102.482252,-0.202213,-0.913464,0.353119
2858,gamma,0.101264,0.000000,0.703592,-92.099900,-0.315941,103.795470,-120.368008,-0.490968,-0.837907,-0.238457
8933,neutron,14.862065,0.000000,-0.550365,-92.099900,0.061457,66.552926,-87.347244,0.042461,-0.916445,0.397902
