EventID,ParticleName,Initial_Energy_MeV,Total_Energy_Deposit_MeV,PosX_m,PosY_m,PosZ_m,Theta_deg,Phi_deg,MomX,MomY,MomZ
773,gamma,1.038004,0.000000,0.205081,-92.100100,-0.063528,79.668651,143.418736,-0.789993,0.586300,0.179341
8801,gamma,0.100255,0.000000,-0.692261,-92.099900,-0.045593,9.822029,-48.029461,0.114081,-0.126831,0.985342
