EventID,ParticleName,Initial_Energy_MeV,Total_Energy_Deposit_MeV,PosX_m,PosY_m,PosZ_m,Theta_deg,Phi_deg,MomX,MomY,MomZ
693,nu_e,33.030089,0.000000,-0.656192,-92.099900,0.258853,73.498506,-81.661771,0.139044,-0.948677,0.284040
2368,e+,39.274824,0.000000,-0.342433,-92.099900,-0.061689,70.975921,-97.610941,-0.125212,-0.937053,0.325965
5695,anti_nu_mu,46.323769,0.000000,0.528689,-92.099900,0.217341,73.835064,-56.611151,0.528561,-0.801944,0.278403
6429,e+,29.420392,0.000000,0.433239,-92.099900,0.291661,70.451704,-112.322284,-0.357923,-0.871741,0.334601
