EventID,ParticleName,Initial_Energy_MeV,Total_Energy_Deposit_MeV,PosX_m,PosY_m,PosZ_m,Theta_deg,Phi_deg,MomX,MomY,MomZ
419,mu+,11.921317,0.000000,-0.468105,-92.099900,-0.137100,81.042497,-85.921056,0.070263,-0.985302,0.155702
459,mu+,13.603520,0.000000,0.518026,-92.099900,0.154008,84.411708,-91.090004,-0.018933,-0.995067,0.097380
1215,mu+,15.234623,0.000000,-0.298616,-92.099900,-0.115771,90.351003,-80.629807,0.162810,-0.986638,-0.006126
6125,nu_e,7.820720,0.000000,-0.500602,-92.099900,0.266128,160.084326,-96.474538,-0.038411,-0.338464,-0.940195
7211,mu+,10.902732,0.000000,0.285552,-92.099900,-0.343365,98.705037,-88.518933,0.025549,-0.988150,-0.151348
7915,mu+,14.172785,0.000000,-0.193917,-92.099900,0.166132,87.459529,-89.255371,0.012983,-0.998933,0.044325
8100,mu+,11.195549,0.000000,-0.328377,-92.099900,0.132822,89.251813,-82.617429,0.128483,-0.991626,0.013058
9730,mu+,10.239722,0.000000,-0.189363,-92.099900,0.100114,99.724242,-92.580971,-0.044384,-0.984632,-0.168906
