EventID,ParticleName,Initial_Energy_MeV,Total_Energy_Deposit_MeV,PosX_m,PosY_m,PosZ_m,Theta_deg,Phi_deg,MomX,MomY,MomZ
2650,nu_e,47.166584,0.000000,-0.318372,-92.099900,-0.076278,88.701336,-86.427073,0.062303,-0.997800,0.022664
6667,gamma,1.108829,0.000000,-0.158487,-92.099900,0.065452,87.625768,-95.419403,-0.094364,-0.994675,0.041426
