EventID,TrackID,ParentID,ParticleName,Initial_Energy_MeV,PosX_m,PosY_m,PosZ_m,Theta_deg,Phi_deg,MomX,MomY,MomZ,GlobalTime_s,DeltaTime_s
1057,3939,1,nu_e,48.661405,0.730151,-92.099900,-0.207811,110.553948,-78.148865,0.192296,-0.916383,-0.351089,2083.005131,0.000000
2052,3789,1,nu_e,19.536319,0.533839,-92.099900,0.107092,112.231180,-61.609643,0.440132,-0.814334,-0.378345,2252.296719,0.000000
2661,3417,1,nu_e,41.425236,-0.017837,-92.099900,-0.349422,62.982649,-86.111406,0.060416,-0.888818,0.454260,2760.744766,0.000000
4350,3673,1,nu_e,31.359409,0.235001,-92.099900,0.205195,90.233747,-112.000999,-0.374620,-0.927170,-0.004080,3582.343673,0.000000
7683,4079,4075,gamma,0.413330,0.242505,-92.099900,-0.255529,107.239271,-115.341402,-0.408783,-0.863172,-0.296363,966.492860,0.000000
