EventID,TrackID,ParentID,ParticleName,Initial_Energy_MeV,PosX_m,PosY_m,PosZ_m,Theta_deg,Phi_deg,MomX,MomY,MomZ,GlobalTime_s,DeltaTime_s
425,3266,1,gamma,1.867633,0.422027,-92.099900,0.327025,82.434105,-120.774854,-0.507211,-0.851705,0.131666,912.707735,0.000000
2142,5080,1,gamma,0.272171,0.563557,-92.099900,0.168511,110.829276,-77.708268,0.198976,-0.913219,-0.355585,1073.204765,0.000000
2290,4937,1,gamma,0.140502,-0.108999,-92.099900,-0.313912,95.016655,-57.965554,0.528397,-0.844482,-0.087445,1071.496734,0.000000
3371,4815,1,neutron,20.657014,0.735475,-92.099900,0.296215,75.171114,-111.555989,-0.355173,-0.899083,0.255933,1163.530033,0.000000
3485,4971,1,neutron,159.339544,0.605085,-92.099900,-0.197944,83.769570,-97.657199,-0.132459,-0.985229,0.108527,1079.260457,0.000000
4721,5361,4932,gamma,0.013546,0.412292,-92.099900,0.347799,146.054987,-68.015984,0.209035,-0.517795,-0.829574,1077.593802,0.000000
5217,4980,1,gamma,0.208572,0.186413,-92.099900,0.282548,102.347580,-93.303980,-0.056300,-0.975245,-0.213842,1072.005356,0.000000
6392,5099,5087,gamma,0.072001,0.065679,-92.099900,-0.217297,75.960940,-72.637483,0.289503,-0.925927,0.242583,1072.371263,0.000000
8835,5024,1,neutron,62.642673,0.673954,-92.099900,-0.030968,91.413674,-83.697716,0.109741,-0.993654,-0.024671,1089.453793,0.000000
