EventID,TrackID,ParentID,ParticleName,Initial_Energy_MeV,PosX_m,PosY_m,PosZ_m,Theta_deg,Phi_deg,MomX,MomY,MomZ,GlobalTime_s,DeltaTime_s
305,5510,5478,gamma,5.116752,-0.216517,-92.099900,-0.046538,97.404724,-83.235406,0.116808,-0.984757,-0.128877,1132.745205,0.000000
508,5708,5701,neutron,1.080837,0.593528,-92.099900,0.010435,139.406647,-101.694150,-0.131886,-0.637180,-0.759347,1468.068153,0.000000
2313,5514,1,gamma,0.963541,0.230735,-92.099900,-0.054041,63.298097,-103.536320,-0.209101,-0.868541,0.449349,1129.724410,0.000000
2088,5655,5633,gamma,0.313692,-0.536604,-92.099900,0.176232,97.417715,-53.206255,0.593924,-0.794095,-0.129102,1135.474966,0.000000
9047,5400,1,neutron,58.284324,-0.124013,-92.099900,0.020158,118.374530,-56.567366,0.484764,-0.734273,-0.475233,1159.346956,0.000000
