EventID,TrackID,ParentID,ParticleName,Initial_Energy_MeV,PosX_m,PosY_m,PosZ_m,Theta_deg,Phi_deg,MomX,MomY,MomZ,GlobalTime_s,DeltaTime_s
6617,7191,1,gamma,4.082767,0.544449,-92.099900,-0.182054,131.178986,-121.189957,-0.389784,-0.643864,-0.658413,1295.052468,0.000000
9330,7543,7274,gamma,0.177627,-0.388201,-92.099900,0.198644,103.558012,-49.656960,0.629322,-0.740943,-0.234430,1297.351431,0.000000
