EventID,TrackID,ParentID,ParticleName,Initial_Energy_MeV,PosX_m,PosY_m,PosZ_m,Theta_deg,Phi_deg,MomX,MomY,MomZ,GlobalTime_s,DeltaTime_s
1105,6309,6302,gamma,0.171250,0.483707,-92.099900,-0.108242,57.683039,-77.381575,0.184619,-0.824691,0.534603,1223.301749,0.000000
2701,6229,1,gamma,1.025691,-0.733355,-92.099900,-0.323229,110.477490,-102.942539,-0.209821,-0.913010,-0.349839,1198.029062,0.000000
9845,6292,1,gamma,6.272768,0.619191,-92.099900,-0.022488,94.024345,-61.346825,0.478324,-0.875375,-0.070180,1201.167501,0.000000
