EventID,ParticleName,Initial_Energy_MeV,Total_Energy_Deposit_MeV,PosX_m,PosY_m,PosZ_m,Theta_deg,Phi_deg,MomX,MomY,MomZ
4433,gamma,0.095174,0.095174,0.884283,-92.000000,-2.305377,58.176689,-101.613417,-0.171046,-0.832284,0.527302
9865,gamma,0.367619,0.367619,-2.732454,-92.000000,2.862697,118.417169,-89.446215,0.008501,-0.879465,-0.475888
