EventID,TrackID,ParentID,ParticleName,Initial_Energy_MeV,PosX_m,PosY_m,PosZ_m,Theta_deg,Phi_deg,MomX,MomY,MomZ,GlobalTime_s,DeltaTime_s
573,3682,1,nu_mu,44.824654,0.698975,-92.099900,0.289785,49.566223,-59.369534,0.387808,-0.654953,0.648569,2974.746732,0.000000
7068,3546,3543,gamma,22.789622,-0.310016,-92.099900,0.271066,111.679448,-62.042507,0.435655,-0.820816,-0.369413,7437.138618,0.000000
9498,4551,1,e-,43.330215,-0.520436,-92.100100,-0.165307,121.529254,25.321671,0.770478,0.364560,-0.522934,3085.991480,0.000000
9498,4569,4551,gamma,0.032702,-0.457461,-92.100100,0.021042,119.688735,24.988597,0.787409,0.366984,-0.495288,3085.832496,-0.158984
