EventID,TrackID,ParentID,ParticleName,Initial_Energy_MeV,PosX_m,PosY_m,PosZ_m,Theta_deg,Phi_deg,MomX,MomY,MomZ,GlobalTime_s,DeltaTime_s
6349,4415,4067,gamma,0.619198,-0.388345,-92.099900,-0.067524,82.886188,-110.320279,-0.344594,-0.930547,0.123841,950.140817,0.000000
6842,2875,2196,gamma,3.287859,0.136242,-92.099900,0.347590,77.587298,-101.160649,-0.189036,-0.958155,0.214952,805.335111,0.000000
