EventID,TrackID,ParentID,ParticleName,Initial_Energy_MeV,PosX_m,PosY_m,PosZ_m,Theta_deg,Phi_deg,MomX,MomY,MomZ,GlobalTime_s,DeltaTime_s
831,2448,1878,gamma,6.062112,0.264192,-92.099900,0.346542,86.028838,-103.108864,-0.226257,-0.971602,0.069254,751.618056,0.000000
879,3155,3152,gamma,18.039630,0.670997,-92.099900,0.224861,115.784410,-131.514577,-0.596819,-0.674236,-0.434986,3840.518329,0.000000
3625,3149,1,nu_mu,94.824815,0.583004,-92.099900,0.177225,128.583059,-83.447764,0.089200,-0.776599,-0.623648,2726.766466,0.000000
4292,2835,1,nu_mu,97.250273,-0.417014,-92.099900,0.055168,75.451760,-94.188886,-0.070703,-0.965351,0.251195,821.472586,0.000000
