EventID,TrackID,ParentID,ParticleName,Initial_Energy_MeV,PosX_m,PosY_m,PosZ_m,Theta_deg,Phi_deg,MomX,MomY,MomZ,GlobalTime_s,DeltaTime_s
966,2640,1,nu_mu,95.798167,-0.495726,-92.099900,-0.116911,54.478122,-117.659545,-0.377823,-0.720883,0.581014,4978.545652,0.000000
1700,2624,2621,gamma,9.466498,-0.160946,-92.099900,-0.137491,109.835022,-119.074057,-0.457111,-0.822141,-0.339313,1255.441919,0.000000
3913,2562,1,anti_nu_e,10.935022,-0.204547,-92.099900,-0.271628,74.037309,-69.886875,0.330615,-0.902808,0.275011,2007.618436,0.000000
5243,2557,1,nu_mu,31.943570,-0.713538,-92.099900,0.317106,68.036052,-50.786068,0.586331,-0.718556,0.374023,1463.003392,0.000000
5635,2633,1,neutron,20.356182,0.580706,-92.099900,-0.290680,76.605542,-73.275164,0.279948,-0.931647,0.231654,5010.838876,0.000000
6743,2493,1,nu_mu,10.418071,-0.299870,-92.099900,-0.163503,81.621239,-75.034044,0.255489,-0.955768,0.145716,811.428151,0.000000
7225,2657,1,nu_mu,100.740058,0.684489,-92.099900,0.171742,106.492028,-117.169251,-0.437835,-0.853060,-0.283882,1052.729979,0.000000
7630,2527,1,gamma,0.152574,-0.168952,-92.099900,-0.004251,130.576103,-129.337816,-0.481468,-0.587447,-0.650457,2997.055598,0.000000
9649,2547,1,nu_mu,39.723310,-0.710049,-92.099900,-0.104309,86.491628,-140.291319,-0.767861,-0.637687,0.061194,2417.131178,0.000000
