EventID,ParticleName,Initial_Energy_MeV,Total_Energy_Deposit_MeV,PosX_m,PosY_m,PosZ_m,Theta_deg,Phi_deg,MomX,MomY,MomZ
2723,gamma,0.430323,0.000000,0.470558,-92.099900,-0.215049,65.102389,-122.627898,-0.489070,-0.763918,0.420998
3076,gamma,0.197400,0.000000,0.505114,-92.099900,0.171594,121.416692,-84.600662,0.080302,-0.849612,-0.521258
6821,gamma,6.202792,0.000000,-0.694180,-92.099900,0.121306,105.419414,-83.684734,0.106040,-0.958155,-0.265883
7942,anti_nu_mu,46.024126,0.000000,-0.716533,-92.099900,-0.316520,89.993214,-118.359590,-0.475004,-0.879984,0.000118
