EventID,ParticleName,Initial_Energy_MeV,Total_Energy_Deposit_MeV,PosX_m,PosY_m,PosZ_m,Theta_deg,Phi_deg,MomX,MomY,MomZ
1700,nu_e,24.483183,0.000000,0.226988,-92.099900,-0.097158,58.036739,-86.663930,0.049370,-0.846950,0.529375
4093,gamma,0.253726,0.000000,-0.468573,-92.099900,0.035610,114.832356,-78.838846,0.175672,-0.890376,-0.419965
6161,anti_nu_mu,44.892695,0.000000,0.523902,-92.099900,0.111616,51.004231,-80.619949,0.126669,-0.766801,0.629263
6298,nu_e,17.930719,0.000000,-0.506738,-92.099900,-0.348027,62.384364,-98.682517,-0.133761,-0.875923,0.463538
6948,gamma,2.304663,0.000000,-0.426061,-92.099900,-0.079945,74.460189,-109.896327,-0.327879,-0.905936,0.267908
