EventID,TrackID,ParentID,ParticleName,Initial_Energy_MeV,PosX_m,PosY_m,PosZ_m,Theta_deg,Phi_deg,MomX,MomY,MomZ,GlobalTime_s,DeltaTime_s
1391,1,0,neutron,69.283817,-0.651988,-92.099900,0.287682,83.247528,-111.665299,-0.366623,-0.922910,0.117580,1749.337981,0.000000
5869,60,29,neutron,5.724751,0.073413,-92.099900,0.283442,92.574889,-123.676993,-0.553950,-0.831337,-0.044925,1825.316371,0.000000
