EventID,TrackID,ParentID,ParticleName,Initial_Energy_MeV,PosX_m,PosY_m,PosZ_m,Theta_deg,Phi_deg,MomX,MomY,MomZ,GlobalTime_s,DeltaTime_s
387,78,32,neutron,0.000157,0.553639,-92.099900,0.268747,51.976884,-61.421508,0.376836,-0.691783,0.615979,22425.765636,0.000000
2237,71,3,neutron,0.000134,-0.551785,-92.099900,0.313772,120.498541,-86.945604,0.045912,-0.860418,-0.507516,19726.966681,0.000000
4589,23,7,gamma,0.224178,0.168523,-92.099900,0.097636,122.888517,-111.769007,-0.311426,-0.779845,-0.543006,1513.639201,0.000000
6692,1,0,neutron,90.173278,-0.501430,-92.099900,-0.238901,105.493032,-90.921903,-0.015505,-0.963538,-0.267121,1524.452366,0.000000
7615,49,6,neutron,6.458597,-0.363965,-92.099900,-0.297331,35.633055,-83.955804,0.061344,-0.579353,0.812765,1631.022122,0.000000
8763,3,1,neutron,56.916022,0.035972,-92.099900,0.229420,122.393506,-97.269757,-0.106850,-0.837601,-0.535731,1536.577603,0.000000
9696,2,1,neutron,86.022295,0.487433,-92.099900,-0.266314,77.628070,-59.425175,0.496851,-0.840972,0.214257,1530.155059,0.000000
