EventID,ParticleName,Initial_Energy_MeV,Total_Energy_Deposit_MeV,PosX_m,PosY_m,PosZ_m,Theta_deg,Phi_deg,MomX,MomY,MomZ
2206,anti_nu_e,45.146851,0.000000,0.271825,-92.099900,0.063136,59.283385,-62.388983,0.398444,-0.761796,0.510792
3172,nu_mu,87.762733,0.000000,-0.154872,-92.099900,0.283619,121.215019,-49.728041,0.552834,-0.652526,-0.518251
3338,nu_mu,33.483977,0.000000,0.339630,-92.099900,0.211695,75.675238,-91.383048,-0.023386,-0.968627,0.247418
4438,anti_nu_e,37.519637,0.000000,-0.108515,-92.099900,-0.279130,70.544267,-66.737179,0.372397,-0.866244,0.333078
5165,nu_mu,92.733725,0.000000,0.652809,-92.099900,-0.144698,136.171506,-79.746724,0.123265,-0.681443,-0.721416
5782,anti_nu_e,49.766217,0.000000,-0.007490,-92.099900,0.092452,85.501990,-83.821402,0.107297,-0.991129,0.078424
8729,nu_mu,42.173980,0.000000,-0.458502,-92.099900,0.219390,84.538568,-48.646725,0.657701,-0.747243,0.095176
9845,anti_nu_e,51.981276,0.000000,-0.643813,-92.099900,-0.208990,72.905879,-95.633983,-0.093836,-0.951206,0.293942
