EventID,ParticleName,Initial_Energy_MeV,Total_Energy_Deposit_MeV,PosX_m,PosY_m,PosZ_m,Theta_deg,Phi_deg,MomX,MomY,MomZ
1835,nu_mu,37.934649,0.000000,0.297759,-92.099900,0.347075,81.345191,-105.543984,-0.264927,-0.952454,0.150481
4292,nu_mu,97.250273,0.000000,-0.417014,-92.099900,0.055168,75.451760,-94.188886,-0.070703,-0.965351,0.251195
