EventID,ParticleName,Initial_Energy_MeV,Total_Energy_Deposit_MeV,PosX_m,PosY_m,PosZ_m,Theta_deg,Phi_deg,MomX,MomY,MomZ
1710,nu_mu,97.106745,0.000000,-0.674550,-92.099900,-0.316833,92.975643,-106.558056,-0.284602,-0.957239,-0.051911
1897,gamma,0.383474,0.000000,0.640815,-92.099900,-0.044497,76.888721,-43.146109,0.710592,-0.666034,0.226843
2236,gamma,0.149877,0.000000,-0.673120,-92.099900,0.017652,77.591663,-59.216997,0.499833,-0.839044,0.214877
3376,gamma,0.085355,0.000000,0.168511,-92.099900,-0.329961,77.576780,-74.970383,0.253246,-0.943178,0.215131
8911,anti_nu_e,51.253410,0.000000,-0.050292,-92.099900,-0.296558,94.367563,-96.254307,-0.108625,-0.991161,-0.076155
9498,e-,43.330215,0.000000,-0.520436,-92.100100,-0.165307,121.529254,25.321671,0.770478,0.364560,-0.522934
