EventID,TrackID,ParentID,ParticleName,Initial_Energy_MeV,PosX_m,PosY_m,PosZ_m,Theta_deg,Phi_deg,MomX,MomY,MomZ,GlobalTime_s,DeltaTime_s
871,6792,4214,neutron,0.052551,1.369452,-92.000000,2.298640,39.250102,-73.136997,0.183538,-0.605501,0.774392,4034.471431,0.000000
2017,9829,1,gamma,0.091032,-2.685814,-92.200000,-2.258287,99.111164,62.080898,0.462317,0.872461,-0.158350,1476.556186,0.000000
2195,10573,1,gamma,3.210337,-1.704079,-92.000000,-0.510380,88.298253,-89.670847,0.005742,-0.999542,0.029697,1508.596488,0.000000
2834,9886,1,gamma,0.530299,0.574180,-92.000000,1.494250,111.550044,-102.462020,-0.200708,-0.908183,-0.367314,1480.799021,0.000000
2834,9884,1,gamma,1.219972,-0.139205,-92.000000,1.612058,117.657162,-84.372732,0.086853,-0.881472,-0.464180,1478.090118,-2.708903
5432,2027,1,neutron,125.343370,-2.278120,-92.000000,-2.934952,86.935162,-91.772209,-0.030882,-0.998092,0.053466,1320.304151,0.000000
5432,2201,2159,neutron,0.378606,-1.836949,-92.200000,-0.466901,112.322075,47.190548,0.628638,0.678643,-0.379813,2022.968099,702.663948
