EventID,TrackID,ParentID,ParticleName,Initial_Energy_MeV,PosX_m,PosY_m,PosZ_m,Theta_deg,Phi_deg,MomX,MomY,MomZ,GlobalTime_s,DeltaTime_s
4235,4318,4084,neutron,47.770033,-2.282489,-92.000000,1.198638,66.789166,-132.120287,-0.616404,-0.681703,0.394116,1597.061374,0.000000
4235,4404,4381,gamma,0.293725,-2.520332,-92.200000,1.922941,82.055849,70.888475,0.324266,0.935815,0.138208,1635.481302,38.419928
4074,1532,1294,neutron,5.348560,1.571304,-92.000000,-1.494846,87.838763,-114.024623,-0.406840,-0.912721,0.037712,1496.303803,0.000000
