EventID,TrackID,ParentID,ParticleName,Initial_Energy_MeV,PosX_m,PosY_m,PosZ_m,Theta_deg,Phi_deg,MomX,MomY,MomZ,GlobalTime_s,DeltaTime_s
679,4999,4996,gamma,0.510999,0.458947,-92.099900,0.166973,80.159235,-114.259252,-0.404821,-0.898282,0.170911,1070.008152,0.000000
3772,5033,5014,e-,0.692189,-0.468264,-92.099900,0.057330,96.855608,-90.803052,-0.013915,-0.992753,-0.119368,1071.651064,0.000000
4721,5361,4932,gamma,0.013546,0.412292,-92.099900,0.347799,146.054987,-68.015984,0.209035,-0.517795,-0.829574,1077.593802,0.000000
5287,4992,4960,neutron,3.041155,-0.078376,-92.099900,-0.204707,77.235302,-55.631849,0.550557,-0.805028,0.220948,1232.619004,0.000000
7264,4959,1,neutron,125.756970,0.235427,-92.099900,-0.026970,119.537421,-107.261770,-0.258172,-0.830847,-0.492992,1085.151919,0.000000
7608,4892,1,neutron,0.034197,0.731140,-92.099900,0.170348,129.212946,-101.794240,-0.158368,-0.758444,-0.632204,2714.063288,0.000000
7675,4964,4940,neutron,0.118789,-0.402196,-92.099900,-0.326204,85.114181,-96.007185,-0.104273,-0.990895,0.085170,1789.440765,0.000000
