EventID,TrackID,ParentID,ParticleName,Initial_Energy_MeV,PosX_m,PosY_m,PosZ_m,Theta_deg,Phi_deg,MomX,MomY,MomZ,GlobalTime_s,DeltaTime_s
3636,2564,1,nu_e,41.232297,-0.003444,-92.099900,-0.203606,90.906968,-68.185327,0.371559,-0.928274,-0.015829,2765.255706,0.000000
6297,2666,1,anti_nu_mu,21.767130,0.721419,-92.099900,0.282998,61.278933,-79.759903,0.155902,-0.863001,0.480546,6207.867055,0.000000
6551,2617,1,anti_nu_mu,18.232422,-0.396074,-92.099900,-0.196158,78.783424,-96.905602,-0.117937,-0.973783,0.194518,5008.835810,0.000000
7071,2560,1,nu_e,22.601973,0.558446,-92.099900,-0.249941,130.136541,-102.230444,-0.161957,-0.747159,-0.644611,777.012639,0.000000
6985,2667,1,anti_nu_mu,44.284221,0.577635,-92.099900,0.171798,79.107382,-72.854380,0.289490,-0.938342,0.188969,1401.135929,0.000000
7351,2615,1,anti_nu_mu,43.559332,-0.546178,-92.099900,-0.127234,56.228464,-60.466937,0.409750,-0.723256,0.555883,1287.344787,0.000000
8583,2546,1,anti_nu_mu,44.809797,-0.279016,-92.099900,0.348725,81.261294,-45.325153,0.694921,-0.702853,0.151929,3361.033476,0.000000
9350,2673,1,anti_nu_mu,42.763380,0.224221,-92.099900,0.129595,63.167010,-107.935421,-0.274787,-0.848963,0.451391,6593.433590,0.000000
