EventID,TrackID,ParentID,ParticleName,Initial_Energy_MeV,PosX_m,PosY_m,PosZ_m,Theta_deg,Phi_deg,MomX,MomY,MomZ,GlobalTime_s,DeltaTime_s
693,4170,1,nu_e,33.030089,-0.656192,-92.099900,0.258853,73.498506,-81.661771,0.139044,-0.948677,0.284040,5684.529716,0.000000
5695,4239,1,anti_nu_mu,46.323769,0.528689,-92.099900,0.217341,73.835064,-56.611151,0.528561,-0.801944,0.278403,5150.731854,0.000000
