EventID,TrackID,ParentID,ParticleName,Initial_Energy_MeV,PosX_m,PosY_m,PosZ_m,Theta_deg,Phi_deg,MomX,MomY,MomZ,GlobalTime_s,DeltaTime_s
2177,2812,1,anti_nu_mu,51.848279,-0.155101,-92.099900,0.013825,120.606192,-115.934877,-0.376421,-0.774009,-0.509134,1508.263638,0.000000
4093,2796,1,anti_nu_mu,29.162971,-0.336872,-92.099900,0.224511,110.738399,-74.555737,0.249046,-0.901437,-0.354102,9515.077544,0.000000
4518,2720,1,anti_nu_mu,36.373860,0.570780,-92.099900,-0.333695,48.777544,-91.879969,-0.024675,-0.751752,0.658984,993.388125,0.000000
7029,2720,1,nu_e,40.019452,-0.045482,-92.099900,0.325605,72.325988,-127.351094,-0.578061,-0.757411,0.303601,1758.627068,0.000000
6867,2887,1,anti_nu_mu,51.575017,-0.563843,-92.099900,-0.066102,110.495079,-79.808912,0.165732,-0.921924,-0.350127,5182.061569,0.000000
7843,2833,1,nu_e,33.542372,0.296293,-92.099900,0.157757,92.814861,-131.524716,-0.662143,-0.747766,-0.049109,907.794645,0.000000
