EventID,ParticleName,Initial_Energy_MeV,Total_Energy_Deposit_MeV,PosX_m,PosY_m,PosZ_m,Theta_deg,Phi_deg,MomX,MomY,MomZ
4235,neutron,47.770033,9.616116,-2.282489,-92.000000,1.198638,66.789166,-132.120287,-0.616404,-0.681703,0.394116
4074,neutron,5.348560,0.473458,1.571304,-92.000000,-1.494846,87.838763,-114.024623,-0.406840,-0.912721,0.037712
