EventID,ParticleName,Initial_Energy_MeV,Total_Energy_Deposit_MeV,PosX_m,PosY_m,PosZ_m,Theta_deg,Phi_deg,MomX,MomY,MomZ
871,neutron,0.052551,0.022203,1.369452,-92.000000,2.298640,39.250102,-73.136997,0.183538,-0.605501,0.774392
2017,gamma,0.091032,0.091032,-2.685814,-92.200000,-2.258287,99.111164,62.080898,0.462317,0.872461,-0.158350
2195,gamma,3.210337,3.210337,-1.704079,-92.000000,-0.510380,88.298253,-89.670847,0.005742,-0.999542,0.029697
2834,gamma,0.530299,1.750271,0.574180,-92.000000,1.494250,111.550044,-102.462020,-0.200708,-0.908183,-0.367314
5432,neutron,125.343370,0.310408,-2.278120,-92.000000,-2.934952,86.935162,-91.772209,-0.030882,-0.998092,0.053466
