EventID,ParticleName,Initial_Energy_MeV,Total_Energy_Deposit_MeV,PosX_m,PosY_m,PosZ_m,Theta_deg,Phi_deg,MomX,MomY,MomZ
459,gamma,2.545915,0.000000,-0.173905,-92.099900,0.051876,41.872805,-94.008397,-0.046659,-0.665846,0.744628
879,neutron,17.926144,0.000000,0.710787,-92.099900,0.151947,97.138756,-82.879403,0.122997,-0.984595,-0.124273
2266,gamma,0.763528,0.000000,0.044900,-92.099900,0.231079,42.697723,-90.820046,-0.009705,-0.678061,0.734942
3677,neutron,0.000088,0.000000,-0.388163,-92.099900,0.021563,88.290361,-83.867459,0.106781,-0.993835,0.029834
