EventID,ParticleName,Initial_Energy_MeV,Total_Energy_Deposit_MeV,PosX_m,PosY_m,PosZ_m,Theta_deg,Phi_deg,MomX,MomY,MomZ
2564,gamma,0.294160,0.000000,-0.686081,-92.099900,0.179898,62.165580,-123.758560,-0.491401,-0.735196,0.466918
9045,neutron,0.887866,0.000000,-0.598582,-92.099900,0.086591,122.113829,-41.668764,0.632705,-0.563101,-0.531603
