EventID,ParticleName,Initial_Energy_MeV,Total_Energy_Deposit_MeV,PosX_m,PosY_m,PosZ_m,Theta_deg,Phi_deg,MomX,MomY,MomZ
2522,gamma,1.182882,0.000000,-0.144052,-92.099900,0.224465,60.787245,-96.994615,-0.106288,-0.866318,0.488054
9028,gamma,1.792620,0.000000,-0.008088,-92.100100,0.245686,122.021247,53.854989,0.500089,0.684663,-0.530234
