EventID,ParticleName,Initial_Energy_MeV,Total_Energy_Deposit_MeV,PosX_m,PosY_m,PosZ_m,Theta_deg,Phi_deg,MomX,MomY,MomZ
831,gamma,6.062112,0.000000,0.264192,-92.099900,0.346542,86.028838,-103.108864,-0.226257,-0.971602,0.069254
879,gamma,18.039630,0.000000,0.670997,-92.099900,0.224861,115.784410,-131.514577,-0.596819,-0.674236,-0.434986
3625,nu_mu,94.824815,0.000000,0.583004,-92.099900,0.177225,128.583059,-83.447764,0.089200,-0.776599,-0.623648
4292,nu_mu,97.250273,0.000000,-0.417014,-92.099900,0.055168,75.451760,-94.188886,-0.070703,-0.965351,0.251195
