EventID,ParticleName,Initial_Energy_MeV,Total_Energy_Deposit_MeV,PosX_m,PosY_m,PosZ_m,Theta_deg,Phi_deg,MomX,MomY,MomZ
408,neutron,129.390009,0.000000,0.046957,-92.099900,-0.008717,35.355057,-79.389741,0.106544,-0.568748,0.815582
1690,neutron,0.909989,0.000000,0.410897,-92.099900,0.347730,127.599545,-84.006853,0.082723,-0.787964,-0.610139
2070,neutron,142.244055,0.000000,-0.059547,-92.099900,0.159753,86.478990,-80.424770,0.166028,-0.984207,0.061415
3703,neutron,2.636111,0.000000,0.721697,-92.099900,-0.180272,73.869800,-54.792113,0.553848,-0.784900,0.277821
4353,neutron,31.127508,0.000000,-0.328477,-92.099900,0.054828,64.068918,-71.835485,0.280360,-0.854503,0.437290
4878,neutron,0.020370,0.000000,0.472121,-92.099900,-0.173741,90.681931,-100.174370,-0.176632,-0.984205,-0.011902
6943,gamma,0.389417,0.000000,0.224601,-92.099900,0.271216,59.605309,-102.718093,-0.189896,-0.841398,0.505954
7097,neutron,58.076569,0.000000,0.370946,-92.099900,-0.244656,51.159792,-86.944341,0.041520,-0.777791,0.627151
