EventID,ParticleName,Initial_Energy_MeV,Total_Energy_Deposit_MeV,PosX_m,PosY_m,PosZ_m,Theta_deg,Phi_deg,MomX,MomY,MomZ
186,neutron,124.195901,0.000000,0.339003,-92.099900,0.134506,74.951746,-117.265740,-0.442408,-0.858409,0.259632
3746,neutron,53.136102,0.000000,-0.053429,-92.099900,0.193948,106.536288,-94.573505,-0.076440,-0.955587,-0.284623
