EventID,ParticleName,Initial_Energy_MeV,Total_Energy_Deposit_MeV,PosX_m,PosY_m,PosZ_m,Theta_deg,Phi_deg,MomX,MomY,MomZ
714,neutron,130.302433,0.000000,0.394255,-92.099900,-0.238340,124.391447,-106.105419,-0.228914,-0.792811,-0.564844
3042,proton,44.447254,0.000000,-0.749006,-92.099900,-0.325369,97.114609,-66.150088,0.401229,-0.907566,-0.123854
4161,gamma,1.808333,0.000000,-0.684524,-92.099900,0.094131,110.822930,-112.551513,-0.358464,-0.863213,-0.355481
4761,neutron,30.944094,0.000000,-0.500000,-92.099900,0.241989,97.804712,-144.066383,-0.802197,-0.581411,-0.135797
7467,nu_e,17.179386,0.000000,-0.323077,-92.099900,0.052945,62.199016,-116.367488,-0.392863,-0.792545,0.466402
7563,gamma,2.500538,0.000000,-0.621916,-92.099900,0.145763,96.442090,-145.634772,-0.820244,-0.560902,-0.112199
8611,gamma,0.107123,0.000000,-0.693805,-92.099900,-0.234264,68.694906,-67.121820,0.362204,-0.858369,0.363334
9436,gamma,0.294975,0.000000,0.611513,-92.099900,0.194014,129.273731,-81.105338,0.119695,-0.764821,-0.633026
9615,neutron,0.538009,0.000000,-0.067805,-92.099900,-0.272494,60.580951,-102.834457,-0.193491,-0.849288,0.491193
