EventID,ParticleName,Initial_Energy_MeV,Total_Energy_Deposit_MeV,PosX_m,PosY_m,PosZ_m,Theta_deg,Phi_deg,MomX,MomY,MomZ
306,neutron,0.000863,0.000000,-0.011394,-92.099900,-0.169690,119.061709,-43.141248,0.637803,-0.597707,-0.485751
1919,neutron,2.115604,0.000000,-0.028837,-92.099900,0.061154,128.195956,-123.430853,-0.432976,-0.655874,-0.618353
3244,gamma,0.350967,0.000000,-0.428158,-92.099900,-0.213243,55.644343,-114.163274,-0.337929,-0.753218,0.564328
9535,gamma,0.065961,0.000000,0.257890,-92.099900,0.085004,46.790876,-124.469194,-0.412508,-0.600894,0.684663
