EventID,ParticleName,Initial_Energy_MeV,Total_Energy_Deposit_MeV,PosX_m,PosY_m,PosZ_m,Theta_deg,Phi_deg,MomX,MomY,MomZ
615,nu_mu,112.658981,0.000000,-0.381804,-92.099900,0.246888,87.925428,-84.963037,0.087741,-0.995485,0.036200
2049,nu_mu,22.082838,0.000000,-0.371983,-92.099900,0.250317,53.898557,-137.723411,-0.597826,-0.543533,0.589217
3742,anti_nu_e,106.776745,0.000000,-0.577240,-92.099900,-0.328753,88.627488,-90.555016,-0.009684,-0.999666,0.023953
5913,nu_mu,40.852336,0.000000,-0.184480,-92.099900,-0.215580,132.492285,-66.826552,0.290166,-0.677876,-0.675491
6008,nu_mu,95.973109,0.000000,0.043147,-92.099900,-0.256281,52.220156,-85.658033,0.059838,-0.788102,0.612629
7571,anti_nu_e,49.671255,0.000000,0.707791,-92.099900,-0.277164,63.557294,-65.795900,0.367095,-0.816668,0.445303
8154,nu_mu,20.364117,0.000000,-0.644255,-92.099900,-0.072445,50.121407,-98.317254,-0.111008,-0.759333,0.641163
9012,nu_mu,86.280191,0.000000,0.605789,-92.099900,0.105333,130.555718,-106.691750,-0.218224,-0.727760,-0.650187
