EventID,ParticleName,Initial_Energy_MeV,Total_Energy_Deposit_MeV,PosX_m,PosY_m,PosZ_m,Theta_deg,Phi_deg,MomX,MomY,MomZ
1492,nu_mu,44.391998,0.000000,0.572309,-92.099900,0.292365,52.313426,-109.677715,-0.266476,-0.745152,0.611342
5081,nu_mu,40.526074,0.000000,0.443401,-92.099900,-0.031480,91.838764,-47.125137,0.680049,-0.732464,-0.032087
9498,e-,43.330215,0.000000,-0.520436,-92.100100,-0.165307,121.529254,25.321671,0.770478,0.364560,-0.522934
