EventID,ParticleName,Initial_Energy_MeV,Total_Energy_Deposit_MeV,PosX_m,PosY_m,PosZ_m,Theta_deg,Phi_deg,MomX,MomY,MomZ
234,nu_mu,95.433330,0.000000,0.168865,-92.099900,-0.101926,86.367636,-89.283679,0.012477,-0.997913,0.063354
758,nu_mu,92.960515,0.000000,-0.608363,-92.099900,0.183255,128.319877,-81.299447,0.118681,-0.775533,-0.620051
2086,nu_mu,95.501524,0.000000,0.310243,-92.099900,0.244921,114.633901,-71.035527,0.295405,-0.859650,-0.416819
4896,anti_nu_e,48.587736,0.000000,0.748156,-92.099900,0.268618,88.598224,-55.300774,0.569098,-0.821906,0.024463
5326,anti_nu_e,36.166992,0.000000,0.412327,-92.099900,-0.346047,126.766249,-46.033449,0.556143,-0.576576,-0.598552
5916,nu_mu,66.003097,0.000000,0.346584,-92.099900,-0.171488,106.037989,-70.936570,0.313902,-0.908371,-0.276275
6614,anti_nu_e,56.497083,0.000000,0.310411,-92.099900,-0.099889,93.573240,-52.017381,0.614226,-0.786665,-0.062324
9338,nu_mu,97.323408,0.000000,-0.372558,-92.099900,-0.206088,77.481823,-62.792911,0.446339,-0.868217,0.216749
