EventID,TrackID,ParentID,ParticleName,Initial_Energy_MeV,PosX_m,PosY_m,PosZ_m,Theta_deg,Phi_deg,MomX,MomY,MomZ,GlobalTime_s,DeltaTime_s
205,2533,1,anti_nu_mu,51.557293,-0.321820,-92.099900,-0.273780,122.262028,-47.581804,0.570399,-0.624268,-0.533792,3563.201431,0.000000
92,2530,1,nu_e,34.937017,-0.261260,-92.099900,-0.095721,96.099566,-85.994758,0.069452,-0.991910,-0.106257,5947.621980,0.000000
4292,2552,1,nu_e,37.371719,-0.123153,-92.099900,-0.074855,111.670762,-90.300661,-0.004877,-0.929308,-0.369273,837.798570,0.000000
4518,2544,1,nu_e,39.378647,0.575704,-92.099900,0.205940,123.229416,-69.976061,0.286422,-0.785917,-0.547993,1012.165932,0.000000
5961,2525,1,anti_nu_mu,47.179029,0.009900,-92.099900,-0.036062,119.379161,-76.049147,0.210084,-0.845689,-0.490587,7306.773131,0.000000
6589,2581,1,nu_e,41.012458,-0.565166,-92.099900,-0.018078,88.267919,-125.637319,-0.582386,-0.812350,0.030226,911.803999,0.000000
7071,2560,1,nu_e,22.601973,0.558446,-92.099900,-0.249941,130.136541,-102.230444,-0.161957,-0.747159,-0.644611,777.012639,0.000000
9163,2681,1,anti_nu_mu,47.967848,-0.051458,-92.099900,0.339874,56.025777,-64.835072,0.352635,-0.750579,0.558820,1778.702994,0.000000
9273,2544,1,nu_e,44.322542,-0.663402,-92.099900,0.342564,103.843037,-93.347022,-0.056688,-0.969299,-0.239263,1801.147013,0.000000
