EventID,TrackID,ParentID,ParticleName,Initial_Energy_MeV,PosX_m,PosY_m,PosZ_m,Theta_deg,Phi_deg,MomX,MomY,MomZ,GlobalTime_s,DeltaTime_s
4235,4084,1,neutron,71.662817,1.584451,-92.000000,-1.424907,90.268880,-89.934028,0.001151,-0.999988,-0.004693,1565.049609,0.000000
4235,4372,4319,gamma,0.124411,2.904720,-92.000000,2.647921,34.747614,-52.258705,0.348872,-0.450716,0.821671,1587.295996,22.246386
