EventID,TrackID,ParentID,ParticleName,Initial_Energy_MeV,PosX_m,PosY_m,PosZ_m,Theta_deg,Phi_deg,MomX,MomY,MomZ,GlobalTime_s,DeltaTime_s
1713,3101,3099,gamma,0.123927,-0.435664,-92.099900,-0.140729,90.371882,-110.659667,-0.352809,-0.935673,-0.006491,1273.660232,0.000000
3320,3062,3057,gamma,0.475177,0.048263,-92.099900,-0.097127,108.199808,-75.205806,0.242574,-0.918481,-0.312332,1680.826614,0.000000
4292,2835,1,nu_mu,97.250273,-0.417014,-92.099900,0.055168,75.451760,-94.188886,-0.070703,-0.965351,0.251195,821.472586,0.000000
4521,3225,1,nu_mu,96.721265,-0.732644,-92.099900,0.093203,64.398676,-142.353840,-0.714061,-0.550818,0.432107,1348.991473,0.000000
4485,2976,2963,e-,7.468380,-0.293812,-92.099900,0.133120,71.808683,-64.416499,0.410243,-0.856877,0.312191,831.349448,0.000000
6871,2943,2921,gamma,2.655019,0.657752,-92.099900,-0.248811,85.825323,-111.539648,-0.366171,-0.927696,0.072797,1609.391889,0.000000
7879,3056,3045,gamma,0.480955,-0.425190,-92.099900,0.157253,44.286359,-70.755283,0.230144,-0.659227,0.715859,1894.628851,0.000000
8305,2181,1264,gamma,3.478568,0.674611,-92.099900,-0.306027,92.581896,-94.474133,-0.077930,-0.995941,-0.045047,711.376355,0.000000
9534,3143,3137,gamma,4.833271,-0.737342,-92.099900,0.328537,93.749658,-91.751170,-0.030494,-0.997393,-0.065397,1642.304989,0.000000
