EventID,ParticleName,Initial_Energy_MeV,Total_Energy_Deposit_MeV,PosX_m,PosY_m,PosZ_m,Theta_deg,Phi_deg,MomX,MomY,MomZ
573,nu_mu,44.824654,0.000000,0.698975,-92.099900,0.289785,49.566223,-59.369534,0.387808,-0.654953,0.648569
7068,gamma,22.789622,0.000000,-0.310016,-92.099900,0.271066,111.679448,-62.042507,0.435655,-0.820816,-0.369413
9498,e-,43.330215,0.000000,-0.520436,-92.100100,-0.165307,121.529254,25.321671,0.770478,0.364560,-0.522934
