EventID,ParticleName,Initial_Energy_MeV,Total_Energy_Deposit_MeV,PosX_m,PosY_m,PosZ_m,Theta_deg,Phi_deg,MomX,MomY,MomZ
6349,gamma,0.619198,0.000000,-0.388345,-92.099900,-0.067524,82.886188,-110.320279,-0.344594,-0.930547,0.123841
6842,gamma,3.287859,0.000000,0.136242,-92.099900,0.347590,77.587298,-101.160649,-0.189036,-0.958155,0.214952
