EventID,ParticleName,Initial_Energy_MeV,Total_Energy_Deposit_MeV,PosX_m,PosY_m,PosZ_m,Theta_deg,Phi_deg,MomX,MomY,MomZ
434,gamma,0.083602,0.083602,-0.709376,-92.000000,0.450921,137.934413,-136.868405,-0.488942,-0.458050,-0.742378
4937,gamma,7.489796,6.978797,1.091306,-92.000000,1.590801,88.686533,-91.947681,-0.033978,-0.999160,0.022922
