EventID,ParticleName,Initial_Energy_MeV,Total_Energy_Deposit_MeV,PosX_m,PosY_m,PosZ_m,Theta_deg,Phi_deg,MomX,MomY,MomZ
221,gamma,0.531599,0.457182,1.416624,-92.000000,0.507949,126.456462,-84.094138,0.082759,-0.800040,-0.594212
266,gamma,7.597205,7.597205,-0.194336,-92.000000,-2.767729,89.463180,-107.257768,-0.296658,-0.954938,0.009369
2993,gamma,0.759276,0.759276,-2.980435,-92.000000,1.403082,86.634932,-117.049338,-0.453973,-0.889080,0.058698
5340,gamma,0.118757,0.042865,0.902206,-92.000000,2.497485,45.730569,-53.892481,0.421979,-0.578518,0.698033
6393,gamma,0.329679,0.223139,3.000000,-92.038440,-0.050969,93.161106,-173.346484,-0.991754,-0.115689,-0.055144
6535,neutron,1.247124,0.298793,1.745871,-92.000000,-0.404271,51.448606,-94.764943,-0.064963,-0.779347,0.623216
8303,neutron,46.648387,26.469777,-2.508542,-92.000000,0.203357,52.862955,-49.282189,0.520037,-0.604218,0.603724
9109,neutron,2.131221,1.188113,-0.568474,-92.000000,1.113351,127.217456,-62.509821,0.367590,-0.706430,-0.604842
9816,gamma,1.747047,1.568930,2.277465,-92.000000,1.950414,37.083821,-114.080908,-0.246033,-0.550505,0.797754
