EventID,ParticleName,Initial_Energy_MeV,Total_Energy_Deposit_MeV,PosX_m,PosY_m,PosZ_m,Theta_deg,Phi_deg,MomX,MomY,MomZ
434,gamma,0.901613,0.901613,2.729657,-92.000000,-0.405581,131.897518,-73.062535,0.216847,-0.712053,-0.667800
4937,gamma,7.489796,7.182650,1.091234,-92.000000,1.590851,88.686520,-91.947706,-0.033978,-0.999160,0.022923
9305,neutron,43.674152,21.696954,-1.844019,-92.000000,1.063814,128.935864,-74.431355,0.208769,-0.749310,-0.628450
