EventID,ParticleName,Initial_Energy_MeV,Total_Energy_Deposit_MeV,PosX_m,PosY_m,PosZ_m,Theta_deg,Phi_deg,MomX,MomY,MomZ
425,gamma,1.867633,0.000000,0.422027,-92.099900,0.327025,82.434105,-120.774854,-0.507211,-0.851705,0.131666
2142,gamma,0.272171,0.000000,0.563557,-92.099900,0.168511,110.829276,-77.708268,0.198976,-0.913219,-0.355585
2290,gamma,0.140502,0.000000,-0.108999,-92.099900,-0.313912,95.016655,-57.965554,0.528397,-0.844482,-0.087445
3371,neutron,20.657014,0.000000,0.735475,-92.099900,0.296215,75.171114,-111.555989,-0.355173,-0.899083,0.255933
3485,neutron,159.339544,0.000000,0.605085,-92.099900,-0.197944,83.769570,-97.657199,-0.132459,-0.985229,0.108527
4721,gamma,0.013546,0.000000,0.412292,-92.099900,0.347799,146.054987,-68.015984,0.209035,-0.517795,-0.829574
5217,gamma,0.208572,0.000000,0.186413,-92.099900,0.282548,102.347580,-93.303980,-0.056300,-0.975245,-0.213842
6392,gamma,0.072001,0.000000,0.065679,-92.099900,-0.217297,75.960940,-72.637483,0.289503,-0.925927,0.242583
8835,neutron,62.642673,0.000000,0.673954,-92.099900,-0.030968,91.413674,-83.697716,0.109741,-0.993654,-0.024671
