EventID,ParticleName,Initial_Energy_MeV,Total_Energy_Deposit_MeV,PosX_m,PosY_m,PosZ_m,Theta_deg,Phi_deg,MomX,MomY,MomZ
6617,gamma,4.082767,0.000000,0.544449,-92.099900,-0.182054,131.178986,-121.189957,-0.389784,-0.643864,-0.658413
9330,gamma,0.177627,0.000000,-0.388201,-92.099900,0.198644,103.558012,-49.656960,0.629322,-0.740943,-0.234430
