EventID,ParticleName,Initial_Energy_MeV,Total_Energy_Deposit_MeV,PosX_m,PosY_m,PosZ_m,Theta_deg,Phi_deg,MomX,MomY,MomZ
1105,gamma,0.171250,0.000000,0.483707,-92.099900,-0.108242,57.683039,-77.381575,0.184619,-0.824691,0.534603
2701,gamma,1.025691,0.000000,-0.733355,-92.099900,-0.323229,110.477490,-102.942539,-0.209821,-0.913010,-0.349839
9845,gamma,6.272768,0.000000,0.619191,-92.099900,-0.022488,94.024345,-61.346825,0.478324,-0.875375,-0.070180
