EventID,ParticleName,Initial_Energy_MeV,Total_Energy_Deposit_MeV,PosX_m,PosY_m,PosZ_m,Theta_deg,Phi_deg,MomX,MomY,MomZ
305,gamma,5.116752,0.000000,-0.216517,-92.099900,-0.046538,97.404724,-83.235406,0.116808,-0.984757,-0.128877
508,neutron,1.080837,0.000000,0.593528,-92.099900,0.010435,139.406647,-101.694150,-0.131886,-0.637180,-0.759347
2313,gamma,0.963541,0.000000,0.230735,-92.099900,-0.054041,63.298097,-103.536320,-0.209101,-0.868541,0.449349
2088,gamma,0.313692,0.000000,-0.536604,-92.099900,0.176232,97.417715,-53.206255,0.593924,-0.794095,-0.129102
9047,neutron,58.284324,0.000000,-0.124013,-92.099900,0.020158,118.374530,-56.567366,0.484764,-0.734273,-0.475233
